graph_file,V,E,threads,run,algorithm,strategy,status,h2d_ms,compute_ms,d2h_ms,total_ms,rounds,speedup,speedup_vs_omp,mteps,mismatches
graphs/graph_large_dense.edgelist,15000,150000000,8,1,BFS,"CPU Sequential",SUCCESS,0,78.6105,0,78.6105,0,1,1,1908.14,-1
graphs/graph_large_dense.edgelist,15000,150000000,8,1,BFS,"CPU OpenMP",SUCCESS,0,34.347,0,34.347,0,2.28872,1,4367.2,0
graphs/graph_large_dense.edgelist,15000,150000000,8,1,BFS,"GPU Thread-per-vertex",SUCCESS,102.702,56.5458,0.023936,159.272,3,1.39021,0,2652.72,0
graphs/graph_large_dense.edgelist,15000,150000000,8,1,BFS,"GPU Warp-per-vertex",SUCCESS,223.793,15.7546,0.023328,239.571,3,4.9897,0,9521.05,0
graphs/graph_large_dense.edgelist,15000,150000000,8,1,BFS,"GPU Edge-based",SUCCESS,476.328,26.6515,0.023744,503.003,3,2.94957,0,5628.2,0
graphs/graph_large_dense.edgelist,15000,150000000,8,1,SSSP,"CPU Sequential",SUCCESS,0,239.205,0,239.205,0,1,1,627.078,-1
graphs/graph_large_dense.edgelist,15000,150000000,8,1,SSSP,"CPU OpenMP",SUCCESS,0,152.447,0,152.447,0,1.5691,1,983.951,0
graphs/graph_large_dense.edgelist,15000,150000000,8,1,SSSP,"GPU Thread-per-vertex",SUCCESS,208.969,1127.8,0.02608,1336.79,3,0.212099,0.135172,133.003,0
graphs/graph_large_dense.edgelist,15000,150000000,8,1,SSSP,"GPU Warp-per-vertex",SUCCESS,233.421,50.9816,0.023712,284.426,3,4.69199,2.99023,2942.24,0
graphs/graph_large_dense.edgelist,15000,150000000,8,1,SSSP,"GPU Thread-per-edge",SUCCESS,475.612,50.2832,0.02512,525.92,2,4.75715,3.03176,2983.1,0
graphs/graph_large_dense.edgelist,15000,150000000,1,2,BFS,"CPU Sequential",SUCCESS,0,64.039,0,64.039,0,1,1,2342.32,-1
graphs/graph_large_dense.edgelist,15000,150000000,1,2,BFS,"CPU OpenMP",SUCCESS,0,59.4639,0,59.4639,0,1.07694,1,2522.54,0
graphs/graph_large_dense.edgelist,15000,150000000,1,2,BFS,"GPU Thread-per-vertex",SUCCESS,106.677,50.9313,0.02176,157.63,3,1.25736,0,2945.15,0
graphs/graph_large_dense.edgelist,15000,150000000,1,2,BFS,"GPU Warp-per-vertex",SUCCESS,237.507,17.0474,0.0232,254.578,3,3.75652,0,8798.98,0
graphs/graph_large_dense.edgelist,15000,150000000,1,2,BFS,"GPU Edge-based",SUCCESS,492.875,27.7388,0.021728,520.636,3,2.30864,0,5407.59,0
graphs/graph_large_dense.edgelist,15000,150000000,1,2,SSSP,"CPU Sequential",SUCCESS,0,217.324,0,217.324,0,1,1,690.214,-1
graphs/graph_large_dense.edgelist,15000,150000000,1,2,SSSP,"CPU OpenMP",SUCCESS,0,271.669,0,271.669,0,0.799957,1,552.142,0
graphs/graph_large_dense.edgelist,15000,150000000,1,2,SSSP,"GPU Thread-per-vertex",SUCCESS,225.169,1133.14,0.024672,1358.33,3,0.191789,0.23975,132.376,0
graphs/graph_large_dense.edgelist,15000,150000000,1,2,SSSP,"GPU Warp-per-vertex",SUCCESS,255.903,51.0362,0.025312,306.965,3,4.25823,5.32308,2939.09,0
graphs/graph_large_dense.edgelist,15000,150000000,1,2,SSSP,"GPU Thread-per-edge",SUCCESS,491.403,52.8755,0.025472,544.304,2,4.11011,5.13791,2836.85,0
graphs/graph_large_dense.edgelist,15000,150000000,2,3,BFS,"CPU Sequential",SUCCESS,0,67.8034,0,67.8034,0,1,1,2212.28,-1
graphs/graph_large_dense.edgelist,15000,150000000,2,3,BFS,"CPU OpenMP",SUCCESS,0,36.7867,0,36.7867,0,1.84315,1,4077.57,0
graphs/graph_large_dense.edgelist,15000,150000000,2,3,BFS,"GPU Thread-per-vertex",SUCCESS,107.166,52.3729,0.0256,159.564,3,1.29463,0,2864.08,0
graphs/graph_large_dense.edgelist,15000,150000000,2,3,BFS,"GPU Warp-per-vertex",SUCCESS,240.051,16.0987,0.021856,256.172,3,4.21174,0,9317.55,0
graphs/graph_large_dense.edgelist,15000,150000000,2,3,BFS,"GPU Edge-based",SUCCESS,494.484,26.7068,0.023616,521.214,3,2.53881,0,5616.55,0
graphs/graph_large_dense.edgelist,15000,150000000,2,3,SSSP,"CPU Sequential",SUCCESS,0,217.882,0,217.882,0,1,1,688.446,-1
graphs/graph_large_dense.edgelist,15000,150000000,2,3,SSSP,"CPU OpenMP",SUCCESS,0,227.322,0,227.322,0,0.958475,1,659.858,0
graphs/graph_large_dense.edgelist,15000,150000000,2,3,SSSP,"GPU Thread-per-vertex",SUCCESS,210.456,1131.71,0.027584,1342.19,3,0.192525,0.200866,132.543,0
graphs/graph_large_dense.edgelist,15000,150000000,2,3,SSSP,"GPU Warp-per-vertex",SUCCESS,244.67,52.1078,0.038112,296.816,3,4.18137,4.36253,2878.65,0
graphs/graph_large_dense.edgelist,15000,150000000,2,3,SSSP,"GPU Thread-per-edge",SUCCESS,496.888,52.9637,0.026688,549.878,2,4.1138,4.29202,2832.13,0
graphs/graph_large_dense.edgelist,15000,150000000,4,4,BFS,"CPU Sequential",SUCCESS,0,62.3757,0,62.3757,0,1,1,2404.78,-1
graphs/graph_large_dense.edgelist,15000,150000000,4,4,BFS,"CPU OpenMP",SUCCESS,0,25.2999,0,25.2999,0,2.46545,1,5928.87,0
graphs/graph_large_dense.edgelist,15000,150000000,4,4,BFS,"GPU Thread-per-vertex",SUCCESS,116.114,52.0516,0.023776,168.19,3,1.19834,0,2881.76,0
graphs/graph_large_dense.edgelist,15000,150000000,4,4,BFS,"GPU Warp-per-vertex",SUCCESS,226.827,15.7606,0.024448,242.612,3,3.95769,0,9517.4,0
graphs/graph_large_dense.edgelist,15000,150000000,4,4,BFS,"GPU Edge-based",SUCCESS,488.581,26.6625,0.023296,515.267,3,2.33946,0,5625.89,0
graphs/graph_large_dense.edgelist,15000,150000000,4,4,SSSP,"CPU Sequential",SUCCESS,0,215.795,0,215.795,0,1,1,695.104,-1
graphs/graph_large_dense.edgelist,15000,150000000,4,4,SSSP,"CPU OpenMP",SUCCESS,0,162.688,0,162.688,0,1.32644,1,922.011,0
graphs/graph_large_dense.edgelist,15000,150000000,4,4,SSSP,"GPU Thread-per-vertex",SUCCESS,211.409,1130.95,0.02352,1342.38,3,0.190809,0.143851,132.632,0
graphs/graph_large_dense.edgelist,15000,150000000,4,4,SSSP,"GPU Warp-per-vertex",SUCCESS,242.514,52.0804,0.023648,294.618,3,4.1435,3.12378,2880.16,0
graphs/graph_large_dense.edgelist,15000,150000000,4,4,SSSP,"GPU Thread-per-edge",SUCCESS,502.312,50.3105,0.029024,552.651,2,4.28926,3.23367,2981.48,0
graphs/graph_large_dense.edgelist,15000,150000000,8,5,BFS,"CPU Sequential",SUCCESS,0,59.9982,0,59.9982,0,1,1,2500.07,-1
graphs/graph_large_dense.edgelist,15000,150000000,8,5,BFS,"CPU OpenMP",SUCCESS,0,16.1888,0,16.1888,0,3.70615,1,9265.64,0
graphs/graph_large_dense.edgelist,15000,150000000,8,5,BFS,"GPU Thread-per-vertex",SUCCESS,102.772,55.4917,0.02464,158.288,3,1.08121,0,2703.11,0
graphs/graph_large_dense.edgelist,15000,150000000,8,5,BFS,"GPU Warp-per-vertex",SUCCESS,223.749,15.7577,0.024416,239.531,3,3.80756,0,9519.18,0
graphs/graph_large_dense.edgelist,15000,150000000,8,5,BFS,"GPU Edge-based",SUCCESS,485.856,26.7034,0.023104,512.582,3,2.24684,0,5617.27,0
graphs/graph_large_dense.edgelist,15000,150000000,8,5,SSSP,"CPU Sequential",SUCCESS,0,218.786,0,218.786,0,1,1,685.602,-1
graphs/graph_large_dense.edgelist,15000,150000000,8,5,SSSP,"CPU OpenMP",SUCCESS,0,152.335,0,152.335,0,1.43621,1,984.672,0
graphs/graph_large_dense.edgelist,15000,150000000,8,5,SSSP,"GPU Thread-per-vertex",SUCCESS,210.382,1127.69,0.025824,1338.1,3,0.194012,0.135086,133.015,0
graphs/graph_large_dense.edgelist,15000,150000000,8,5,SSSP,"GPU Warp-per-vertex",SUCCESS,236.25,50.9921,0.024896,287.267,3,4.29058,2.98742,2941.63,0
graphs/graph_large_dense.edgelist,15000,150000000,8,5,SSSP,"GPU Thread-per-edge",SUCCESS,485.435,50.3146,0.024448,535.774,2,4.34836,3.02765,2981.24,0
graphs/graph_large_dense.edgelist,15000,150000000,8,6,BFS,"CPU Sequential",SUCCESS,0,92.8321,0,92.8321,0,1,1,1615.82,-1
graphs/graph_large_dense.edgelist,15000,150000000,8,6,BFS,"CPU OpenMP",SUCCESS,0,17.4639,0,17.4639,0,5.31566,1,8589.16,0
graphs/graph_large_dense.edgelist,15000,150000000,8,6,BFS,"GPU Thread-per-vertex",SUCCESS,103.874,56.2092,0.024576,160.108,3,1.65154,0,2668.6,0
graphs/graph_large_dense.edgelist,15000,150000000,8,6,BFS,"GPU Warp-per-vertex",SUCCESS,226.314,15.7285,0.023712,242.067,3,5.90214,0,9536.8,0
graphs/graph_large_dense.edgelist,15000,150000000,8,6,BFS,"GPU Edge-based",SUCCESS,490.912,26.6805,0.025408,517.618,3,3.47939,0,5622.07,0
graphs/graph_large_dense.edgelist,15000,150000000,8,6,SSSP,"CPU Sequential",SUCCESS,0,216.947,0,216.947,0,1,1,691.412,-1
graphs/graph_large_dense.edgelist,15000,150000000,8,6,SSSP,"CPU OpenMP",SUCCESS,0,160.303,0,160.303,0,1.35336,1,935.728,0
graphs/graph_large_dense.edgelist,15000,150000000,8,6,SSSP,"GPU Thread-per-vertex",SUCCESS,211.733,1127.65,0.02704,1339.41,3,0.192389,0.142156,133.02,0
graphs/graph_large_dense.edgelist,15000,150000000,8,6,SSSP,"GPU Warp-per-vertex",SUCCESS,237.354,50.9562,0.023968,288.334,3,4.25752,3.1459,2943.7,0
graphs/graph_large_dense.edgelist,15000,150000000,8,6,SSSP,"GPU Thread-per-edge",SUCCESS,489.206,50.2938,0.024544,539.524,2,4.3136,3.18733,2982.48,0
graphs/graph_large_dense.edgelist,15000,150000000,8,7,BFS,"CPU Sequential",SUCCESS,0,86.4803,0,86.4803,0,1,1,1734.5,-1
graphs/graph_large_dense.edgelist,15000,150000000,8,7,BFS,"CPU OpenMP",SUCCESS,0,18.2022,0,18.2022,0,4.75109,1,8240.77,0
graphs/graph_large_dense.edgelist,15000,150000000,8,7,BFS,"GPU Thread-per-vertex",SUCCESS,103.43,51.3898,0.023392,154.843,3,1.68283,0,2918.87,0
graphs/graph_large_dense.edgelist,15000,150000000,8,7,BFS,"GPU Warp-per-vertex",SUCCESS,225.825,15.731,0.025664,241.581,3,5.49743,0,9535.29,0
graphs/graph_large_dense.edgelist,15000,150000000,8,7,BFS,"GPU Edge-based",SUCCESS,499.442,27.2259,0.023808,526.692,3,3.1764,0,5509.46,0
graphs/graph_large_dense.edgelist,15000,150000000,8,7,SSSP,"CPU Sequential",SUCCESS,0,216.115,0,216.115,0,1,1,694.075,-1
graphs/graph_large_dense.edgelist,15000,150000000,8,7,SSSP,"CPU OpenMP",SUCCESS,0,157.981,0,157.981,0,1.36798,1,949.482,0
graphs/graph_large_dense.edgelist,15000,150000000,8,7,SSSP,"GPU Thread-per-vertex",SUCCESS,218.916,1155.02,0.029696,1373.96,3,0.18711,0.136778,129.868,0
graphs/graph_large_dense.edgelist,15000,150000000,8,7,SSSP,"GPU Warp-per-vertex",SUCCESS,244.366,52.0548,0.023424,296.445,3,4.15169,3.0349,2881.58,0
graphs/graph_large_dense.edgelist,15000,150000000,8,7,SSSP,"GPU Thread-per-edge",SUCCESS,495.638,55.8204,0.02336,551.482,2,3.87162,2.83017,2687.19,0
graphs/gplus_combined.edgelist,102100,24227002,8,8,BFS,"CPU Sequential",SUCCESS,0,19.189,0,19.189,0,1,1,1262.54,-1
graphs/gplus_combined.edgelist,102100,24227002,8,8,BFS,"CPU OpenMP",SUCCESS,0,4.01799,0,4.01799,0,4.77576,1,6029.6,0
graphs/gplus_combined.edgelist,102100,24227002,8,8,BFS,"GPU Thread-per-vertex",SUCCESS,16.9933,31.831,0.126464,48.9507,9,0.602839,0,761.11,0
graphs/gplus_combined.edgelist,102100,24227002,8,8,BFS,"GPU Warp-per-vertex",SUCCESS,37.654,5.88403,0.179008,43.7171,9,3.26119,0,4117.39,0
graphs/gplus_combined.edgelist,102100,24227002,8,8,BFS,"GPU Edge-based",SUCCESS,83.4732,13.9292,0.11936,97.5217,9,1.37761,0,1739.29,0
graphs/gplus_combined.edgelist,102100,24227002,8,8,SSSP,"CPU Sequential",SUCCESS,0,68.443,0,68.443,0,1,1,353.971,-1
graphs/gplus_combined.edgelist,102100,24227002,8,8,SSSP,"CPU OpenMP",SUCCESS,0,33.1206,0,33.1206,0,2.06648,1,731.473,0
graphs/gplus_combined.edgelist,102100,24227002,8,8,SSSP,"GPU Thread-per-vertex",SUCCESS,37.8085,195.784,0.122752,233.715,5,0.349585,0.16917,123.743,0
graphs/gplus_combined.edgelist,102100,24227002,8,8,SSSP,"GPU Warp-per-vertex",SUCCESS,37.8393,15.2766,0.110048,53.2259,5,4.48026,2.16807,1585.88,0
graphs/gplus_combined.edgelist,102100,24227002,8,8,SSSP,"GPU Thread-per-edge",SUCCESS,87.8706,25.0898,0.129664,113.09,7,2.72792,1.32008,965.606,0
graphs/soc-LiveJournal1.edgelist,4847571,137987546,8,9,BFS,"CPU Sequential",SUCCESS,0,640.523,0,640.523,0,1,1,215.398,-1
graphs/soc-LiveJournal1.edgelist,4847571,137987546,8,9,BFS,"CPU OpenMP",SUCCESS,0,70.6509,0,70.6509,0,9.06602,1,1952.81,0
graphs/soc-LiveJournal1.edgelist,4847571,137987546,8,9,BFS,"GPU Thread-per-vertex",SUCCESS,102.386,420.175,4.41376,526.974,12,1.52442,0,328.358,0
graphs/soc-LiveJournal1.edgelist,4847571,137987546,8,9,BFS,"GPU Warp-per-vertex",SUCCESS,214.919,122.941,3.86822,341.729,12,5.20998,0,1122.22,0
graphs/soc-LiveJournal1.edgelist,4847571,137987546,8,9,BFS,"GPU Edge-based",SUCCESS,530.457,168.648,3.89056,702.995,12,3.79799,0,818.081,0
graphs/soc-LiveJournal1.edgelist,4847571,137987546,8,9,SSSP,"CPU Sequential",SUCCESS,0,1383.39,0,1383.39,0,1,1,99.7318,-1
graphs/soc-LiveJournal1.edgelist,4847571,137987546,8,9,SSSP,"CPU OpenMP",SUCCESS,0,533.372,0,533.372,0,2.59366,1,258.671,0
graphs/soc-LiveJournal1.edgelist,4847571,137987546,8,9,SSSP,"GPU Thread-per-vertex",SUCCESS,198.568,1293.63,3.88944,1496.08,6,1.06939,0.412308,106.652,0
graphs/soc-LiveJournal1.edgelist,4847571,137987546,8,9,SSSP,"GPU Warp-per-vertex",SUCCESS,215.433,279.171,3.68294,498.287,6,4.95534,1.91056,494.205,0
graphs/soc-LiveJournal1.edgelist,4847571,137987546,8,9,SSSP,"GPU Thread-per-edge",SUCCESS,495.437,280.661,3.94355,780.042,7,4.92903,1.90041,491.581,0
graphs/soc-LiveJournal1.edgelist,4847571,137987546,8,10,BFS,"CPU Sequential",SUCCESS,0,628.09,0,628.09,0,1,1,219.662,-1
graphs/soc-LiveJournal1.edgelist,4847571,137987546,8,10,BFS,"CPU OpenMP",SUCCESS,0,73.2823,0,73.2823,0,8.57083,1,1882.69,0
graphs/soc-LiveJournal1.edgelist,4847571,137987546,8,10,BFS,"GPU Thread-per-vertex",SUCCESS,106.149,415.212,3.95558,525.316,12,1.5127,0,332.283,0
graphs/soc-LiveJournal1.edgelist,4847571,137987546,8,10,BFS,"GPU Warp-per-vertex",SUCCESS,205.845,123.51,3.92861,333.284,12,5.08532,0,1117.05,0
graphs/soc-LiveJournal1.edgelist,4847571,137987546,8,10,BFS,"GPU Edge-based",SUCCESS,490.063,154.814,3.91395,648.791,12,4.05707,0,891.185,0
graphs/soc-LiveJournal1.edgelist,4847571,137987546,8,10,SSSP,"CPU Sequential",SUCCESS,0,1381.1,0,1381.1,0,1,1,99.8966,-1
graphs/soc-LiveJournal1.edgelist,4847571,137987546,8,10,SSSP,"CPU OpenMP",SUCCESS,0,551.17,0,551.17,0,2.50577,1,250.318,0
graphs/soc-LiveJournal1.edgelist,4847571,137987546,8,10,SSSP,"GPU Thread-per-vertex",SUCCESS,201.269,1287.69,3.77219,1492.73,6,1.07254,0.42803,107.144,0
graphs/soc-LiveJournal1.edgelist,4847571,137987546,8,10,SSSP,"GPU Warp-per-vertex",SUCCESS,220.593,277.581,3.92333,502.098,6,4.9755,1.98562,497.035,0
graphs/soc-LiveJournal1.edgelist,4847571,137987546,8,10,SSSP,"GPU Thread-per-edge",SUCCESS,489.741,279.628,3.74451,773.113,7,4.93908,1.97108,493.397,0
graphs/soc-LiveJournal1.edgelist,4847571,137987546,8,11,BFS,"CPU Sequential",SUCCESS,0,567.765,0,567.765,0,1,1,243.001,-1
graphs/soc-LiveJournal1.edgelist,4847571,137987546,8,11,BFS,"CPU OpenMP",SUCCESS,0,71.8518,0,71.8518,0,7.9019,1,1920.17,0
graphs/soc-LiveJournal1.edgelist,4847571,137987546,8,11,BFS,"GPU Thread-per-vertex",SUCCESS,103.167,126.198,3.99805,233.363,12,4.49901,0,1093.26,0
graphs/soc-LiveJournal1.edgelist,4847571,137987546,8,11,BFS,"GPU Warp-per-vertex",SUCCESS,203.186,82.1743,5.09408,290.455,12,6.90928,0,1678.96,0
graphs/soc-LiveJournal1.edgelist,4847571,137987546,8,11,BFS,"GPU Edge-based",SUCCESS,523.665,130.542,3.82518,658.032,12,4.34928,0,1056.88,0
graphs/soc-LiveJournal1.edgelist,4847571,137987546,8,11,SSSP,"CPU Sequential",SUCCESS,0,1503.22,0,1503.22,0,1,1,91.7815,-1
graphs/soc-LiveJournal1.edgelist,4847571,137987546,8,11,SSSP,"CPU OpenMP",SUCCESS,0,568.746,0,568.746,0,2.64304,1,242.582,0
graphs/soc-LiveJournal1.edgelist,4847571,137987546,8,11,SSSP,"GPU Thread-per-vertex",SUCCESS,219.546,1108.67,3.84915,1332.06,5,1.35588,0.512998,124.444,0
graphs/soc-LiveJournal1.edgelist,4847571,137987546,8,11,SSSP,"GPU Warp-per-vertex",SUCCESS,236.381,284.897,3.99824,525.276,6,5.27636,1.99632,484.272,0
graphs/soc-LiveJournal1.edgelist,4847571,137987546,8,11,SSSP,"GPU Thread-per-edge",SUCCESS,492.808,281.801,3.96074,778.57,7,5.33433,2.01825,489.593,0
graphs/gplus_combined.edgelist,102100,24227002,8,12,BFS,"CPU Sequential",SUCCESS,0,20.2115,0,20.2115,0,1,1,1198.67,-1
graphs/gplus_combined.edgelist,102100,24227002,8,12,BFS,"CPU OpenMP",SUCCESS,0,3.84832,0,3.84832,0,5.25203,1,6295.43,0
graphs/gplus_combined.edgelist,102100,24227002,8,12,BFS,"GPU Thread-per-vertex",SUCCESS,19.0506,11.5593,0.121728,30.7316,9,1.74851,0,2095.88,0
graphs/gplus_combined.edgelist,102100,24227002,8,12,BFS,"GPU Warp-per-vertex",SUCCESS,40.5769,2.64637,0.110208,43.3335,9,7.63746,0,9154.76,0
graphs/gplus_combined.edgelist,102100,24227002,8,12,BFS,"GPU Edge-based",SUCCESS,86.5868,12.7822,0.123072,99.4921,9,1.58122,0,1895.36,0
graphs/gplus_combined.edgelist,102100,24227002,8,12,SSSP,"CPU Sequential",SUCCESS,0,67.9748,0,67.9748,0,1,1,356.409,-1
graphs/gplus_combined.edgelist,102100,24227002,8,12,SSSP,"CPU OpenMP",SUCCESS,0,31.7429,0,31.7429,0,2.14142,1,763.222,0
graphs/gplus_combined.edgelist,102100,24227002,8,12,SSSP,"GPU Thread-per-vertex",SUCCESS,37.6924,217.437,0.10976,255.239,5,0.312619,0.145987,111.42,0
graphs/gplus_combined.edgelist,102100,24227002,8,12,SSSP,"GPU Warp-per-vertex",SUCCESS,38.7607,14.6576,0.121088,53.5393,5,4.63752,2.16563,1652.86,0
graphs/gplus_combined.edgelist,102100,24227002,8,12,SSSP,"GPU Thread-per-edge",SUCCESS,87.3628,21.8934,0.109728,109.366,6,3.10481,1.44988,1106.58,0
graphs/soc-LiveJournal1.edgelist,4847571,137987546,8,13,BFS,"CPU Sequential",SUCCESS,0,596.591,0,596.591,0,1,1,231.26,-1
graphs/soc-LiveJournal1.edgelist,4847571,137987546,8,13,BFS,"CPU OpenMP",SUCCESS,0,71.9528,0,71.9528,0,8.29143,1,1917.47,0
graphs/soc-LiveJournal1.edgelist,4847571,137987546,8,13,BFS,"GPU Thread-per-vertex",SUCCESS,102.113,99.0873,3.85178,205.052,12,6.02087,0,1392.38,0
graphs/soc-LiveJournal1.edgelist,4847571,137987546,8,13,BFS,"GPU Warp-per-vertex",SUCCESS,206.836,71.0792,3.92691,281.843,12,8.39333,0,1941.04,0
graphs/soc-LiveJournal1.edgelist,4847571,137987546,8,13,BFS,"GPU Edge-based",SUCCESS,491.712,109.103,3.86618,604.681,12,5.46815,0,1264.56,0
graphs/soc-LiveJournal1.edgelist,4847571,137987546,8,13,SSSP,"CPU Sequential",SUCCESS,0,1387.87,0,1387.87,0,1,1,99.4097,-1
graphs/soc-LiveJournal1.edgelist,4847571,137987546,8,13,SSSP,"CPU OpenMP",SUCCESS,0,539.037,0,539.037,0,2.57472,1,255.952,0
graphs/soc-LiveJournal1.edgelist,4847571,137987546,8,13,SSSP,"GPU Thread-per-vertex",SUCCESS,200.826,1288.48,3.92528,1493.23,6,1.07714,0.418351,107.078,0
graphs/soc-LiveJournal1.edgelist,4847571,137987546,8,13,SSSP,"GPU Warp-per-vertex",SUCCESS,219.154,278.558,3.96586,501.678,6,4.98234,1.9351,495.293,0
graphs/soc-LiveJournal1.edgelist,4847571,137987546,8,13,SSSP,"GPU Thread-per-edge",SUCCESS,489.909,278.92,3.87754,772.706,7,4.97587,1.93259,494.65,0
