graph_file,V,E,algorithm,strategy,threads,samples,compute_mean_ms,compute_std_ms,total_mean_ms,total_std_ms,speedup_mean,speedup_std,mteps_mean,mteps_std
graphs/gplus_combined.edgelist,102100,24227002,BFS,CPU OpenMP,1,1,13.5899,0.0,13.5899,0.0,1.47,0.0,1782.71,0.0
graphs/gplus_combined.edgelist,102100,24227002,BFS,CPU OpenMP,2,1,8.4623,0.0,8.4623,0.0,2.56,0.0,2862.93,0.0
graphs/gplus_combined.edgelist,102100,24227002,BFS,CPU OpenMP,4,1,6.2448,0.0,6.2448,0.0,3.41,0.0,3879.51,0.0
graphs/gplus_combined.edgelist,102100,24227002,BFS,CPU OpenMP,8,1,4.9612,0.0,4.9612,0.0,4.55,0.0,4883.22,0.0
graphs/gplus_combined.edgelist,102100,24227002,BFS,CPU Sequential,1,1,19.9678,0.0,19.9678,0.0,1.0,0.0,1213.3,0.0
graphs/gplus_combined.edgelist,102100,24227002,BFS,CPU Sequential,2,1,21.6469,0.0,21.6469,0.0,1.0,0.0,1119.19,0.0
graphs/gplus_combined.edgelist,102100,24227002,BFS,CPU Sequential,4,1,21.2846,0.0,21.2846,0.0,1.0,0.0,1138.24,0.0
graphs/gplus_combined.edgelist,102100,24227002,BFS,CPU Sequential,8,1,22.5576,0.0,22.5576,0.0,1.0,0.0,1074.0,0.0
graphs/gplus_combined.edgelist,102100,24227002,BFS,GPU Edge-based,1,1,12.9328,0.0,98.5307,0.0,1.54,0.0,1873.28,0.0
graphs/gplus_combined.edgelist,102100,24227002,BFS,GPU Edge-based,2,1,12.6424,0.0,102.947,0.0,1.71,0.0,1916.32,0.0
graphs/gplus_combined.edgelist,102100,24227002,BFS,GPU Edge-based,4,1,13.1452,0.0,101.566,0.0,1.62,0.0,1843.03,0.0
graphs/gplus_combined.edgelist,102100,24227002,BFS,GPU Edge-based,8,1,12.4278,0.0,104.167,0.0,1.82,0.0,1949.4,0.0
graphs/gplus_combined.edgelist,102100,24227002,BFS,GPU Thread-per-vertex,1,1,11.1924,0.0,30.6879,0.0,1.78,0.0,2164.58,0.0
graphs/gplus_combined.edgelist,102100,24227002,BFS,GPU Thread-per-vertex,2,1,12.3283,0.0,31.6387,0.0,1.76,0.0,1965.15,0.0
graphs/gplus_combined.edgelist,102100,24227002,BFS,GPU Thread-per-vertex,4,1,12.7464,0.0,31.7052,0.0,1.67,0.0,1900.69,0.0
graphs/gplus_combined.edgelist,102100,24227002,BFS,GPU Thread-per-vertex,8,1,12.776,0.0,31.8367,0.0,1.77,0.0,1896.28,0.0
graphs/gplus_combined.edgelist,102100,24227002,BFS,GPU Warp-per-vertex,1,1,2.8288,0.0,43.0705,0.0,7.06,0.0,8564.36,0.0
graphs/gplus_combined.edgelist,102100,24227002,BFS,GPU Warp-per-vertex,2,1,2.7071,0.0,42.3271,0.0,8.0,0.0,8949.26,0.0
graphs/gplus_combined.edgelist,102100,24227002,BFS,GPU Warp-per-vertex,4,1,2.615,0.0,41.4446,0.0,8.14,0.0,9264.55,0.0
graphs/gplus_combined.edgelist,102100,24227002,BFS,GPU Warp-per-vertex,8,1,2.6103,0.0,41.9534,0.0,8.64,0.0,9281.13,0.0
graphs/gplus_combined.edgelist,102100,24227002,SSSP,CPU OpenMP,1,1,82.2217,0.0,82.2217,0.0,0.82,0.0,294.65,0.0
graphs/gplus_combined.edgelist,102100,24227002,SSSP,CPU OpenMP,2,1,54.5103,0.0,54.5103,0.0,1.27,0.0,444.44,0.0
graphs/gplus_combined.edgelist,102100,24227002,SSSP,CPU OpenMP,4,1,44.6382,0.0,44.6382,0.0,1.85,0.0,542.74,0.0
graphs/gplus_combined.edgelist,102100,24227002,SSSP,CPU OpenMP,8,1,52.8302,0.0,52.8302,0.0,1.48,0.0,458.58,0.0
graphs/gplus_combined.edgelist,102100,24227002,SSSP,CPU Sequential,1,1,67.5699,0.0,67.5699,0.0,1.0,0.0,358.55,0.0
graphs/gplus_combined.edgelist,102100,24227002,SSSP,CPU Sequential,2,1,69.4209,0.0,69.4209,0.0,1.0,0.0,348.99,0.0
graphs/gplus_combined.edgelist,102100,24227002,SSSP,CPU Sequential,4,1,82.7115,0.0,82.7115,0.0,1.0,0.0,292.91,0.0
graphs/gplus_combined.edgelist,102100,24227002,SSSP,CPU Sequential,8,1,78.2346,0.0,78.2346,0.0,1.0,0.0,309.67,0.0
graphs/gplus_combined.edgelist,102100,24227002,SSSP,GPU Adaptive Hybrid,1,1,17.8963,0.0,59.5237,0.0,3.78,0.0,1353.74,0.0
graphs/gplus_combined.edgelist,102100,24227002,SSSP,GPU Adaptive Hybrid,2,1,17.6303,0.0,59.3183,0.0,3.94,0.0,1374.16,0.0
graphs/gplus_combined.edgelist,102100,24227002,SSSP,GPU Adaptive Hybrid,4,1,18.7401,0.0,60.7371,0.0,4.41,0.0,1292.78,0.0
graphs/gplus_combined.edgelist,102100,24227002,SSSP,GPU Adaptive Hybrid,8,1,18.5548,0.0,60.1467,0.0,4.22,0.0,1305.7,0.0
graphs/gplus_combined.edgelist,102100,24227002,SSSP,GPU Thread-per-edge,1,1,24.1661,0.0,108.903,0.0,2.8,0.0,1002.51,0.0
graphs/gplus_combined.edgelist,102100,24227002,SSSP,GPU Thread-per-edge,2,1,22.1057,0.0,111.438,0.0,3.14,0.0,1095.96,0.0
graphs/gplus_combined.edgelist,102100,24227002,SSSP,GPU Thread-per-edge,4,1,22.5213,0.0,109.866,0.0,3.67,0.0,1075.73,0.0
graphs/gplus_combined.edgelist,102100,24227002,SSSP,GPU Thread-per-edge,8,1,26.1988,0.0,112.002,0.0,2.99,0.0,924.73,0.0
graphs/gplus_combined.edgelist,102100,24227002,SSSP,GPU Thread-per-vertex,1,1,217.937,0.0,256.774,0.0,0.31,0.0,111.17,0.0
graphs/gplus_combined.edgelist,102100,24227002,SSSP,GPU Thread-per-vertex,2,1,232.24,0.0,271.098,0.0,0.3,0.0,104.32,0.0
graphs/gplus_combined.edgelist,102100,24227002,SSSP,GPU Thread-per-vertex,4,1,230.197,0.0,268.009,0.0,0.36,0.0,105.24,0.0
graphs/gplus_combined.edgelist,102100,24227002,SSSP,GPU Thread-per-vertex,8,1,223.984,0.0,262.211,0.0,0.35,0.0,108.16,0.0
graphs/gplus_combined.edgelist,102100,24227002,SSSP,GPU Warp-per-vertex,1,1,14.6708,0.0,54.4907,0.0,4.61,0.0,1651.37,0.0
graphs/gplus_combined.edgelist,102100,24227002,SSSP,GPU Warp-per-vertex,2,1,14.4607,0.0,54.012,0.0,4.8,0.0,1675.35,0.0
graphs/gplus_combined.edgelist,102100,24227002,SSSP,GPU Warp-per-vertex,4,1,14.1686,0.0,53.1735,0.0,5.84,0.0,1709.9,0.0
graphs/gplus_combined.edgelist,102100,24227002,SSSP,GPU Warp-per-vertex,8,1,14.0833,0.0,54.0804,0.0,5.56,0.0,1720.25,0.0
graphs/soc-LiveJournal1.edgelist,4847571,137987546,BFS,CPU OpenMP,1,1,311.379,0.0,311.379,0.0,2.16,0.0,443.08,0.0
graphs/soc-LiveJournal1.edgelist,4847571,137987546,BFS,CPU OpenMP,2,1,160.49,0.0,160.49,0.0,3.71,0.0,859.66,0.0
graphs/soc-LiveJournal1.edgelist,4847571,137987546,BFS,CPU OpenMP,4,1,97.0565,0.0,97.0565,0.0,6.02,0.0,1421.52,0.0
graphs/soc-LiveJournal1.edgelist,4847571,137987546,BFS,CPU OpenMP,8,1,69.6525,0.0,69.6525,0.0,8.41,0.0,1980.8,0.0
graphs/soc-LiveJournal1.edgelist,4847571,137987546,BFS,CPU Sequential,1,1,671.852,0.0,671.852,0.0,1.0,0.0,205.35,0.0
graphs/soc-LiveJournal1.edgelist,4847571,137987546,BFS,CPU Sequential,2,1,595.337,0.0,595.337,0.0,1.0,0.0,231.75,0.0
graphs/soc-LiveJournal1.edgelist,4847571,137987546,BFS,CPU Sequential,4,1,583.957,0.0,583.957,0.0,1.0,0.0,236.26,0.0
graphs/soc-LiveJournal1.edgelist,4847571,137987546,BFS,CPU Sequential,8,1,585.864,0.0,585.864,0.0,1.0,0.0,235.49,0.0
graphs/soc-LiveJournal1.edgelist,4847571,137987546,BFS,GPU Edge-based,1,1,122.381,0.0,665.399,0.0,5.49,0.0,1127.36,0.0
graphs/soc-LiveJournal1.edgelist,4847571,137987546,BFS,GPU Edge-based,2,1,109.276,0.0,609.847,0.0,5.45,0.0,1262.56,0.0
graphs/soc-LiveJournal1.edgelist,4847571,137987546,BFS,GPU Edge-based,4,1,109.257,0.0,616.183,0.0,5.34,0.0,1262.78,0.0
graphs/soc-LiveJournal1.edgelist,4847571,137987546,BFS,GPU Edge-based,8,1,109.282,0.0,611.84,0.0,5.36,0.0,1262.49,0.0
graphs/soc-LiveJournal1.edgelist,4847571,137987546,BFS,GPU Thread-per-vertex,1,1,111.542,0.0,229.462,0.0,6.02,0.0,1236.92,0.0
graphs/soc-LiveJournal1.edgelist,4847571,137987546,BFS,GPU Thread-per-vertex,2,1,99.0914,0.0,205.032,0.0,6.01,0.0,1392.33,0.0
graphs/soc-LiveJournal1.edgelist,4847571,137987546,BFS,GPU Thread-per-vertex,4,1,99.3545,0.0,206.41,0.0,5.88,0.0,1388.64,0.0
graphs/soc-LiveJournal1.edgelist,4847571,137987546,BFS,GPU Thread-per-vertex,8,1,99.5508,0.0,206.02,0.0,5.89,0.0,1385.9,0.0
graphs/soc-LiveJournal1.edgelist,4847571,137987546,BFS,GPU Warp-per-vertex,1,1,80.1777,0.0,313.285,0.0,8.38,0.0,1720.77,0.0
graphs/soc-LiveJournal1.edgelist,4847571,137987546,BFS,GPU Warp-per-vertex,2,1,71.1067,0.0,276.878,0.0,8.37,0.0,1940.29,0.0
graphs/soc-LiveJournal1.edgelist,4847571,137987546,BFS,GPU Warp-per-vertex,4,1,71.1302,0.0,278.442,0.0,8.21,0.0,1939.65,0.0
graphs/soc-LiveJournal1.edgelist,4847571,137987546,BFS,GPU Warp-per-vertex,8,1,71.1751,0.0,278.887,0.0,8.23,0.0,1938.43,0.0
graphs/soc-LiveJournal1.edgelist,4847571,137987546,SSSP,CPU OpenMP,1,1,1723.75,0.0,1723.75,0.0,0.89,0.0,80.04,0.0
graphs/soc-LiveJournal1.edgelist,4847571,137987546,SSSP,CPU OpenMP,2,1,993.901,0.0,993.901,0.0,1.38,0.0,138.81,0.0
graphs/soc-LiveJournal1.edgelist,4847571,137987546,SSSP,CPU OpenMP,4,1,637.933,0.0,637.933,0.0,2.15,0.0,216.27,0.0
graphs/soc-LiveJournal1.edgelist,4847571,137987546,SSSP,CPU OpenMP,8,1,520.144,0.0,520.144,0.0,2.64,0.0,265.25,0.0
graphs/soc-LiveJournal1.edgelist,4847571,137987546,SSSP,CPU Sequential,1,1,1534.92,0.0,1534.92,0.0,1.0,0.0,89.89,0.0
graphs/soc-LiveJournal1.edgelist,4847571,137987546,SSSP,CPU Sequential,2,1,1370.79,0.0,1370.79,0.0,1.0,0.0,100.65,0.0
graphs/soc-LiveJournal1.edgelist,4847571,137987546,SSSP,CPU Sequential,4,1,1372.28,0.0,1372.28,0.0,1.0,0.0,100.54,0.0
graphs/soc-LiveJournal1.edgelist,4847571,137987546,SSSP,CPU Sequential,8,1,1374.41,0.0,1374.41,0.0,1.0,0.0,100.38,0.0
graphs/soc-LiveJournal1.edgelist,4847571,137987546,SSSP,GPU Adaptive Hybrid,1,1,456.109,0.0,692.352,0.0,3.37,0.0,302.49,0.0
graphs/soc-LiveJournal1.edgelist,4847571,137987546,SSSP,GPU Adaptive Hybrid,2,1,452.624,0.0,683.658,0.0,3.03,0.0,304.82,0.0
graphs/soc-LiveJournal1.edgelist,4847571,137987546,SSSP,GPU Adaptive Hybrid,4,1,452.283,0.0,685.326,0.0,3.03,0.0,305.05,0.0
graphs/soc-LiveJournal1.edgelist,4847571,137987546,SSSP,GPU Adaptive Hybrid,8,1,453.165,0.0,684.667,0.0,3.03,0.0,304.45,0.0
graphs/soc-LiveJournal1.edgelist,4847571,137987546,SSSP,GPU Thread-per-edge,1,1,282.075,0.0,791.057,0.0,5.44,0.0,489.12,0.0
graphs/soc-LiveJournal1.edgelist,4847571,137987546,SSSP,GPU Thread-per-edge,2,1,281.922,0.0,777.191,0.0,4.86,0.0,489.38,0.0
graphs/soc-LiveJournal1.edgelist,4847571,137987546,SSSP,GPU Thread-per-edge,4,1,278.538,0.0,782.472,0.0,4.93,0.0,495.33,0.0
graphs/soc-LiveJournal1.edgelist,4847571,137987546,SSSP,GPU Thread-per-edge,8,1,279.345,0.0,783.877,0.0,4.92,0.0,493.9,0.0
graphs/soc-LiveJournal1.edgelist,4847571,137987546,SSSP,GPU Thread-per-vertex,1,1,1308.06,0.0,1512.83,0.0,1.17,0.0,105.47,0.0
graphs/soc-LiveJournal1.edgelist,4847571,137987546,SSSP,GPU Thread-per-vertex,2,1,1284.48,0.0,1485.37,0.0,1.07,0.0,107.41,0.0
graphs/soc-LiveJournal1.edgelist,4847571,137987546,SSSP,GPU Thread-per-vertex,4,1,1285.83,0.0,1488.84,0.0,1.07,0.0,107.3,0.0
graphs/soc-LiveJournal1.edgelist,4847571,137987546,SSSP,GPU Thread-per-vertex,8,1,1287.96,0.0,1489.4,0.0,1.07,0.0,107.12,0.0
graphs/soc-LiveJournal1.edgelist,4847571,137987546,SSSP,GPU Warp-per-vertex,1,1,288.318,0.0,509.574,0.0,5.32,0.0,478.53,0.0
graphs/soc-LiveJournal1.edgelist,4847571,137987546,SSSP,GPU Warp-per-vertex,2,1,277.092,0.0,496.341,0.0,4.95,0.0,497.91,0.0
graphs/soc-LiveJournal1.edgelist,4847571,137987546,SSSP,GPU Warp-per-vertex,4,1,277.072,0.0,498.552,0.0,4.95,0.0,497.95,0.0
graphs/soc-LiveJournal1.edgelist,4847571,137987546,SSSP,GPU Warp-per-vertex,8,1,277.169,0.0,496.579,0.0,4.96,0.0,497.77,0.0
